,training,test
0,0.7804878048780488,0.7272727272727272
1,0.7555555555555556,0.6
