,training,test
0,0.7741935483870969,0.6857142857142856
1,0.7034482758620689,0.6
