,training,test
0,0.723404255319149,0.6666666666666666
1,0.2,0.22222222222222224
