,training,test
0,0.6296296296296295,0.5333333333333333
1,0.24375000000000002,0.26666666666666666
