,training,test
0,0.7272727272727272,0.7272727272727272
1,0.8181818181818182,0.4000000000000001
