,training,test
0,0.755,0.7200000000000001
1,0.8275,0.44000000000000006
