,training,test
0,0.6857142857142856,0.6857142857142856
1,0.7875000000000001,0.4
