,training,test
0,0.4235294117647059,0.48
1,0.5318181818181819,0.3
