,training,test
0,0.41025641025641024,0.4444444444444445
1,0.5,0.25
