,training,test
0,0.723404255319149,0.8000000000000002
1,0.7272727272727273,0.5714285714285714
