,training,test
0,0.7727272727272727,0.7272727272727272
1,0.7826086956521738,0.5
