,training,test
0,0.7366666666666666,0.6857142857142856
1,0.72,0.3
