,age_clin,GCS_clin,Sex_clin,Pup_clin
0,0.01008,-0.00228,-0.0039,-0.0039
1,-0.0001,0.00067,2e-05,-0.00059
