,age_clin,GCS_clin,Sex_clin,Pup_clin
0,-7.42657,50.74354,19.45025,-35.90971
1,-6.21208,-25.04395,8.7874,-58.31804
