,age_clin,GCS_clin,Sex_clin,Pup_clin
0,-0.5033,0.93292,0.17633,-0.31027
1,-0.65455,0.99722,0.26854,-6.05512
