,age_clin,GCS_clin,Sex_clin,Pup_clin
0,-0.50273,0.93392,0.17589,-0.30426
1,-0.65421,0.99695,0.26825,-5.99277
